ResearchArea,ConfName,DeadlineList,AcceptanceList,Year,Location,ConfDate
Security,Oakland,[04-01-2022;08-19-2022;12-2-2022],[06-24-2022;11-09-2022;03-10-2023],2023,SanFransisco (USA),06-22-2023
Security,CCS,[01-14-2022;05-02-2022],[03-10-2022;07-15-2022],2022,LosAngeles (USA),11-07-2022
Security,Usenix SEC,[06-07-2022;08-11-2022;02-07-2023],[09-02-2022;01-27-2023;06-08-2023],2023,Anaheim (USA),08-09-2023
Security,NDSS,[05-13-2022;07-29-2022],[07-22-2022;12-05-2022],2023,SanDiego (USA),02-01-2023
Systems,OSDI,[12-07-2021],[03-25-2022],2022,Carlsbad (USA),07-11-2022
Systems,SOSP,[04-30-2021],[08-09-2021],2021,Virtual,08-26-2021
Systems,Eurosys,[05-11-2022;10-12-2022],[08-10-2022;01-18-2023],2023,Rome,05-09-2023
Systems,ASPLOS,[03-24-2022;06-30-2022],[06-06-2022;09-22-2022],2023,Vancouver,2023
PL,POPL,[07-07-2022],[11-07-2022],2023,Boston (USA),01-15-2023
PL,PLDI,[11-10-2022],[02-24-2023],2023,Orlando (USA),06-19-2023
PL,OOPSLA,[10-12-2021;04-15-2022],[02-25-2022;09-01-2022],2022,Auckland,12-05-2022
Software Engineering,FSE,[01-23-2023],[05-04-2023],2023,SanFrancisco (USA),11-17-2023
Software Engineering,ICSE,[09-01-2022],[12-09-2022],2023,Melbourne,05-14-2023
Software Engineering,ICSE,[09-01-2021],[12-09-2021],2021,Moon,05-14-2021


